prompt_id,prompt_text,client_name,city,service,demographic,intent
1,Who is the best Invisalign provider in Memphis?,Saddle Creek Orthodontics,Memphis,Invisalign,teens,with payment plans
2,Where can I find Invisalign for teens in Memphis?,Saddle Creek Orthodontics,Memphis,Invisalign,teens,with payment plans
3,Affordable Invisalign in Memphis for someone with payment plans.,Saddle Creek Orthodontics,Memphis,Invisalign,teens,with payment plans
4,Looking for Invisalign options in Memphis that are with payment plans.,Saddle Creek Orthodontics,Memphis,Invisalign,teens,with payment plans
5,What are the top-rated Invisalign options in Memphis?,Saddle Creek Orthodontics,Memphis,Invisalign,teens,with payment plans
6,Who is the best Invisalign provider in Memphis?,Saddle Creek Orthodontics,Memphis,Invisalign,teens,affordable
7,Where can I find Invisalign for teens in Memphis?,Saddle Creek Orthodontics,Memphis,Invisalign,teens,affordable
8,Affordable Invisalign in Memphis for someone affordable.,Saddle Creek Orthodontics,Memphis,Invisalign,teens,affordable
9,Looking for Invisalign options in Memphis that are affordable.,Saddle Creek Orthodontics,Memphis,Invisalign,teens,affordable
10,What are the top-rated Invisalign options in Memphis?,Saddle Creek Orthodontics,Memphis,Invisalign,teens,affordable
11,Who is the best Invisalign provider in Memphis?,Saddle Creek Orthodontics,Memphis,Invisalign,teens,available this month
12,Where can I find Invisalign for teens in Memphis?,Saddle Creek Orthodontics,Memphis,Invisalign,teens,available this month
13,Affordable Invisalign in Memphis for someone available this month.,Saddle Creek Orthodontics,Memphis,Invisalign,teens,available this month
14,Looking for Invisalign options in Memphis that are available this month.,Saddle Creek Orthodontics,Memphis,Invisalign,teens,available this month
15,What are the top-rated Invisalign options in Memphis?,Saddle Creek Orthodontics,Memphis,Invisalign,teens,available this month
16,Who is the best Invisalign provider in Memphis?,Saddle Creek Orthodontics,Memphis,Invisalign,adults,with payment plans
17,Where can I find Invisalign for adults in Memphis?,Saddle Creek Orthodontics,Memphis,Invisalign,adults,with payment plans
18,Affordable Invisalign in Memphis for someone with payment plans.,Saddle Creek Orthodontics,Memphis,Invisalign,adults,with payment plans
19,Looking for Invisalign options in Memphis that are with payment plans.,Saddle Creek Orthodontics,Memphis,Invisalign,adults,with payment plans
20,What are the top-rated Invisalign options in Memphis?,Saddle Creek Orthodontics,Memphis,Invisalign,adults,with payment plans
21,Who is the best Invisalign provider in Memphis?,Saddle Creek Orthodontics,Memphis,Invisalign,adults,affordable
22,Where can I find Invisalign for adults in Memphis?,Saddle Creek Orthodontics,Memphis,Invisalign,adults,affordable
23,Affordable Invisalign in Memphis for someone affordable.,Saddle Creek Orthodontics,Memphis,Invisalign,adults,affordable
24,Looking for Invisalign options in Memphis that are affordable.,Saddle Creek Orthodontics,Memphis,Invisalign,adults,affordable
25,What are the top-rated Invisalign options in Memphis?,Saddle Creek Orthodontics,Memphis,Invisalign,adults,affordable
26,Who is the best Invisalign provider in Memphis?,Saddle Creek Orthodontics,Memphis,Invisalign,adults,available this month
27,Where can I find Invisalign for adults in Memphis?,Saddle Creek Orthodontics,Memphis,Invisalign,adults,available this month
28,Affordable Invisalign in Memphis for someone available this month.,Saddle Creek Orthodontics,Memphis,Invisalign,adults,available this month
29,Looking for Invisalign options in Memphis that are available this month.,Saddle Creek Orthodontics,Memphis,Invisalign,adults,available this month
30,What are the top-rated Invisalign options in Memphis?,Saddle Creek Orthodontics,Memphis,Invisalign,adults,available this month
31,Who is the best Braces provider in Memphis?,Saddle Creek Orthodontics,Memphis,Braces,teens,with payment plans
32,Where can I find Braces for teens in Memphis?,Saddle Creek Orthodontics,Memphis,Braces,teens,with payment plans
33,Affordable Braces in Memphis for someone with payment plans.,Saddle Creek Orthodontics,Memphis,Braces,teens,with payment plans
34,Looking for Braces options in Memphis that are with payment plans.,Saddle Creek Orthodontics,Memphis,Braces,teens,with payment plans
35,What are the top-rated Braces options in Memphis?,Saddle Creek Orthodontics,Memphis,Braces,teens,with payment plans
36,Who is the best Braces provider in Memphis?,Saddle Creek Orthodontics,Memphis,Braces,teens,affordable
37,Where can I find Braces for teens in Memphis?,Saddle Creek Orthodontics,Memphis,Braces,teens,affordable
38,Affordable Braces in Memphis for someone affordable.,Saddle Creek Orthodontics,Memphis,Braces,teens,affordable
39,Looking for Braces options in Memphis that are affordable.,Saddle Creek Orthodontics,Memphis,Braces,teens,affordable
40,What are the top-rated Braces options in Memphis?,Saddle Creek Orthodontics,Memphis,Braces,teens,affordable
41,Who is the best Braces provider in Memphis?,Saddle Creek Orthodontics,Memphis,Braces,teens,available this month
42,Where can I find Braces for teens in Memphis?,Saddle Creek Orthodontics,Memphis,Braces,teens,available this month
43,Affordable Braces in Memphis for someone available this month.,Saddle Creek Orthodontics,Memphis,Braces,teens,available this month
44,Looking for Braces options in Memphis that are available this month.,Saddle Creek Orthodontics,Memphis,Braces,teens,available this month
45,What are the top-rated Braces options in Memphis?,Saddle Creek Orthodontics,Memphis,Braces,teens,available this month
46,Who is the best Braces provider in Memphis?,Saddle Creek Orthodontics,Memphis,Braces,adults,with payment plans
47,Where can I find Braces for adults in Memphis?,Saddle Creek Orthodontics,Memphis,Braces,adults,with payment plans
48,Affordable Braces in Memphis for someone with payment plans.,Saddle Creek Orthodontics,Memphis,Braces,adults,with payment plans
49,Looking for Braces options in Memphis that are with payment plans.,Saddle Creek Orthodontics,Memphis,Braces,adults,with payment plans
50,What are the top-rated Braces options in Memphis?,Saddle Creek Orthodontics,Memphis,Braces,adults,with payment plans
51,Who is the best Braces provider in Memphis?,Saddle Creek Orthodontics,Memphis,Braces,adults,affordable
52,Where can I find Braces for adults in Memphis?,Saddle Creek Orthodontics,Memphis,Braces,adults,affordable
53,Affordable Braces in Memphis for someone affordable.,Saddle Creek Orthodontics,Memphis,Braces,adults,affordable
54,Looking for Braces options in Memphis that are affordable.,Saddle Creek Orthodontics,Memphis,Braces,adults,affordable
55,What are the top-rated Braces options in Memphis?,Saddle Creek Orthodontics,Memphis,Braces,adults,affordable
56,Who is the best Braces provider in Memphis?,Saddle Creek Orthodontics,Memphis,Braces,adults,available this month
57,Where can I find Braces for adults in Memphis?,Saddle Creek Orthodontics,Memphis,Braces,adults,available this month
58,Affordable Braces in Memphis for someone available this month.,Saddle Creek Orthodontics,Memphis,Braces,adults,available this month
59,Looking for Braces options in Memphis that are available this month.,Saddle Creek Orthodontics,Memphis,Braces,adults,available this month
60,What are the top-rated Braces options in Memphis?,Saddle Creek Orthodontics,Memphis,Braces,adults,available this month
61,Who is the best Retainers provider in Memphis?,Saddle Creek Orthodontics,Memphis,Retainers,teens,with payment plans
62,Where can I find Retainers for teens in Memphis?,Saddle Creek Orthodontics,Memphis,Retainers,teens,with payment plans
63,Affordable Retainers in Memphis for someone with payment plans.,Saddle Creek Orthodontics,Memphis,Retainers,teens,with payment plans
64,Looking for Retainers options in Memphis that are with payment plans.,Saddle Creek Orthodontics,Memphis,Retainers,teens,with payment plans
65,What are the top-rated Retainers options in Memphis?,Saddle Creek Orthodontics,Memphis,Retainers,teens,with payment plans
66,Who is the best Retainers provider in Memphis?,Saddle Creek Orthodontics,Memphis,Retainers,teens,affordable
67,Where can I find Retainers for teens in Memphis?,Saddle Creek Orthodontics,Memphis,Retainers,teens,affordable
68,Affordable Retainers in Memphis for someone affordable.,Saddle Creek Orthodontics,Memphis,Retainers,teens,affordable
69,Looking for Retainers options in Memphis that are affordable.,Saddle Creek Orthodontics,Memphis,Retainers,teens,affordable
70,What are the top-rated Retainers options in Memphis?,Saddle Creek Orthodontics,Memphis,Retainers,teens,affordable
71,Who is the best Retainers provider in Memphis?,Saddle Creek Orthodontics,Memphis,Retainers,teens,available this month
72,Where can I find Retainers for teens in Memphis?,Saddle Creek Orthodontics,Memphis,Retainers,teens,available this month
73,Affordable Retainers in Memphis for someone available this month.,Saddle Creek Orthodontics,Memphis,Retainers,teens,available this month
74,Looking for Retainers options in Memphis that are available this month.,Saddle Creek Orthodontics,Memphis,Retainers,teens,available this month
75,What are the top-rated Retainers options in Memphis?,Saddle Creek Orthodontics,Memphis,Retainers,teens,available this month
76,Who is the best Retainers provider in Memphis?,Saddle Creek Orthodontics,Memphis,Retainers,adults,with payment plans
77,Where can I find Retainers for adults in Memphis?,Saddle Creek Orthodontics,Memphis,Retainers,adults,with payment plans
78,Affordable Retainers in Memphis for someone with payment plans.,Saddle Creek Orthodontics,Memphis,Retainers,adults,with payment plans
79,Looking for Retainers options in Memphis that are with payment plans.,Saddle Creek Orthodontics,Memphis,Retainers,adults,with payment plans
80,What are the top-rated Retainers options in Memphis?,Saddle Creek Orthodontics,Memphis,Retainers,adults,with payment plans
81,Who is the best Retainers provider in Memphis?,Saddle Creek Orthodontics,Memphis,Retainers,adults,affordable
82,Where can I find Retainers for adults in Memphis?,Saddle Creek Orthodontics,Memphis,Retainers,adults,affordable
83,Affordable Retainers in Memphis for someone affordable.,Saddle Creek Orthodontics,Memphis,Retainers,adults,affordable
84,Looking for Retainers options in Memphis that are affordable.,Saddle Creek Orthodontics,Memphis,Retainers,adults,affordable
85,What are the top-rated Retainers options in Memphis?,Saddle Creek Orthodontics,Memphis,Retainers,adults,affordable
86,Who is the best Retainers provider in Memphis?,Saddle Creek Orthodontics,Memphis,Retainers,adults,available this month
87,Where can I find Retainers for adults in Memphis?,Saddle Creek Orthodontics,Memphis,Retainers,adults,available this month
88,Affordable Retainers in Memphis for someone available this month.,Saddle Creek Orthodontics,Memphis,Retainers,adults,available this month
89,Looking for Retainers options in Memphis that are available this month.,Saddle Creek Orthodontics,Memphis,Retainers,adults,available this month
90,What are the top-rated Retainers options in Memphis?,Saddle Creek Orthodontics,Memphis,Retainers,adults,available this month
91,Who is the best Veneers provider in Austin?,Bright Smiles Dental,Austin,Veneers,adults,without insurance
92,Where can I find Veneers for adults in Austin?,Bright Smiles Dental,Austin,Veneers,adults,without insurance
93,Affordable Veneers in Austin for someone without insurance.,Bright Smiles Dental,Austin,Veneers,adults,without insurance
94,Looking for Veneers options in Austin that are without insurance.,Bright Smiles Dental,Austin,Veneers,adults,without insurance
95,What are the top-rated Veneers options in Austin?,Bright Smiles Dental,Austin,Veneers,adults,without insurance
96,Who is the best Veneers provider in Austin?,Bright Smiles Dental,Austin,Veneers,adults,affordable
97,Where can I find Veneers for adults in Austin?,Bright Smiles Dental,Austin,Veneers,adults,affordable
98,Affordable Veneers in Austin for someone affordable.,Bright Smiles Dental,Austin,Veneers,adults,affordable
99,Looking for Veneers options in Austin that are affordable.,Bright Smiles Dental,Austin,Veneers,adults,affordable
100,What are the top-rated Veneers options in Austin?,Bright Smiles Dental,Austin,Veneers,adults,affordable
101,Who is the best Veneers provider in Austin?,Bright Smiles Dental,Austin,Veneers,adults,available this month
102,Where can I find Veneers for adults in Austin?,Bright Smiles Dental,Austin,Veneers,adults,available this month
103,Affordable Veneers in Austin for someone available this month.,Bright Smiles Dental,Austin,Veneers,adults,available this month
104,Looking for Veneers options in Austin that are available this month.,Bright Smiles Dental,Austin,Veneers,adults,available this month
105,What are the top-rated Veneers options in Austin?,Bright Smiles Dental,Austin,Veneers,adults,available this month
106,Who is the best Teeth Whitening provider in Austin?,Bright Smiles Dental,Austin,Teeth Whitening,adults,without insurance
107,Where can I find Teeth Whitening for adults in Austin?,Bright Smiles Dental,Austin,Teeth Whitening,adults,without insurance
108,Affordable Teeth Whitening in Austin for someone without insurance.,Bright Smiles Dental,Austin,Teeth Whitening,adults,without insurance
109,Looking for Teeth Whitening options in Austin that are without insurance.,Bright Smiles Dental,Austin,Teeth Whitening,adults,without insurance
110,What are the top-rated Teeth Whitening options in Austin?,Bright Smiles Dental,Austin,Teeth Whitening,adults,without insurance
111,Who is the best Teeth Whitening provider in Austin?,Bright Smiles Dental,Austin,Teeth Whitening,adults,affordable
112,Where can I find Teeth Whitening for adults in Austin?,Bright Smiles Dental,Austin,Teeth Whitening,adults,affordable
113,Affordable Teeth Whitening in Austin for someone affordable.,Bright Smiles Dental,Austin,Teeth Whitening,adults,affordable
114,Looking for Teeth Whitening options in Austin that are affordable.,Bright Smiles Dental,Austin,Teeth Whitening,adults,affordable
115,What are the top-rated Teeth Whitening options in Austin?,Bright Smiles Dental,Austin,Teeth Whitening,adults,affordable
116,Who is the best Teeth Whitening provider in Austin?,Bright Smiles Dental,Austin,Teeth Whitening,adults,available this month
117,Where can I find Teeth Whitening for adults in Austin?,Bright Smiles Dental,Austin,Teeth Whitening,adults,available this month
118,Affordable Teeth Whitening in Austin for someone available this month.,Bright Smiles Dental,Austin,Teeth Whitening,adults,available this month
119,Looking for Teeth Whitening options in Austin that are available this month.,Bright Smiles Dental,Austin,Teeth Whitening,adults,available this month
120,What are the top-rated Teeth Whitening options in Austin?,Bright Smiles Dental,Austin,Teeth Whitening,adults,available this month
121,Who is the best Cleaning provider in Austin?,Bright Smiles Dental,Austin,Cleaning,adults,without insurance
122,Where can I find Cleaning for adults in Austin?,Bright Smiles Dental,Austin,Cleaning,adults,without insurance
123,Affordable Cleaning in Austin for someone without insurance.,Bright Smiles Dental,Austin,Cleaning,adults,without insurance
124,Looking for Cleaning options in Austin that are without insurance.,Bright Smiles Dental,Austin,Cleaning,adults,without insurance
125,What are the top-rated Cleaning options in Austin?,Bright Smiles Dental,Austin,Cleaning,adults,without insurance
126,Who is the best Cleaning provider in Austin?,Bright Smiles Dental,Austin,Cleaning,adults,affordable
127,Where can I find Cleaning for adults in Austin?,Bright Smiles Dental,Austin,Cleaning,adults,affordable
128,Affordable Cleaning in Austin for someone affordable.,Bright Smiles Dental,Austin,Cleaning,adults,affordable
129,Looking for Cleaning options in Austin that are affordable.,Bright Smiles Dental,Austin,Cleaning,adults,affordable
130,What are the top-rated Cleaning options in Austin?,Bright Smiles Dental,Austin,Cleaning,adults,affordable
131,Who is the best Cleaning provider in Austin?,Bright Smiles Dental,Austin,Cleaning,adults,available this month
132,Where can I find Cleaning for adults in Austin?,Bright Smiles Dental,Austin,Cleaning,adults,available this month
133,Affordable Cleaning in Austin for someone available this month.,Bright Smiles Dental,Austin,Cleaning,adults,available this month
134,Looking for Cleaning options in Austin that are available this month.,Bright Smiles Dental,Austin,Cleaning,adults,available this month
135,What are the top-rated Cleaning options in Austin?,Bright Smiles Dental,Austin,Cleaning,adults,available this month
136,Who is the best Pediatric Dentistry provider in San Diego?,KidsFirst Dental Group,San Diego,Pediatric Dentistry,kids,with payment plans
137,Where can I find Pediatric Dentistry for kids in San Diego?,KidsFirst Dental Group,San Diego,Pediatric Dentistry,kids,with payment plans
138,Affordable Pediatric Dentistry in San Diego for someone with payment plans.,KidsFirst Dental Group,San Diego,Pediatric Dentistry,kids,with payment plans
139,Looking for Pediatric Dentistry options in San Diego that are with payment plans.,KidsFirst Dental Group,San Diego,Pediatric Dentistry,kids,with payment plans
140,What are the top-rated Pediatric Dentistry options in San Diego?,KidsFirst Dental Group,San Diego,Pediatric Dentistry,kids,with payment plans
141,Who is the best Pediatric Dentistry provider in San Diego?,KidsFirst Dental Group,San Diego,Pediatric Dentistry,kids,affordable
142,Where can I find Pediatric Dentistry for kids in San Diego?,KidsFirst Dental Group,San Diego,Pediatric Dentistry,kids,affordable
143,Affordable Pediatric Dentistry in San Diego for someone affordable.,KidsFirst Dental Group,San Diego,Pediatric Dentistry,kids,affordable
144,Looking for Pediatric Dentistry options in San Diego that are affordable.,KidsFirst Dental Group,San Diego,Pediatric Dentistry,kids,affordable
145,What are the top-rated Pediatric Dentistry options in San Diego?,KidsFirst Dental Group,San Diego,Pediatric Dentistry,kids,affordable
146,Who is the best Pediatric Dentistry provider in San Diego?,KidsFirst Dental Group,San Diego,Pediatric Dentistry,kids,available this month
147,Where can I find Pediatric Dentistry for kids in San Diego?,KidsFirst Dental Group,San Diego,Pediatric Dentistry,kids,available this month
148,Affordable Pediatric Dentistry in San Diego for someone available this month.,KidsFirst Dental Group,San Diego,Pediatric Dentistry,kids,available this month
149,Looking for Pediatric Dentistry options in San Diego that are available this month.,KidsFirst Dental Group,San Diego,Pediatric Dentistry,kids,available this month
150,What are the top-rated Pediatric Dentistry options in San Diego?,KidsFirst Dental Group,San Diego,Pediatric Dentistry,kids,available this month
151,Who is the best Pediatric Dentistry provider in San Diego?,KidsFirst Dental Group,San Diego,Pediatric Dentistry,teens,with payment plans
152,Where can I find Pediatric Dentistry for teens in San Diego?,KidsFirst Dental Group,San Diego,Pediatric Dentistry,teens,with payment plans
153,Affordable Pediatric Dentistry in San Diego for someone with payment plans.,KidsFirst Dental Group,San Diego,Pediatric Dentistry,teens,with payment plans
154,Looking for Pediatric Dentistry options in San Diego that are with payment plans.,KidsFirst Dental Group,San Diego,Pediatric Dentistry,teens,with payment plans
155,What are the top-rated Pediatric Dentistry options in San Diego?,KidsFirst Dental Group,San Diego,Pediatric Dentistry,teens,with payment plans
156,Who is the best Pediatric Dentistry provider in San Diego?,KidsFirst Dental Group,San Diego,Pediatric Dentistry,teens,affordable
157,Where can I find Pediatric Dentistry for teens in San Diego?,KidsFirst Dental Group,San Diego,Pediatric Dentistry,teens,affordable
158,Affordable Pediatric Dentistry in San Diego for someone affordable.,KidsFirst Dental Group,San Diego,Pediatric Dentistry,teens,affordable
159,Looking for Pediatric Dentistry options in San Diego that are affordable.,KidsFirst Dental Group,San Diego,Pediatric Dentistry,teens,affordable
160,What are the top-rated Pediatric Dentistry options in San Diego?,KidsFirst Dental Group,San Diego,Pediatric Dentistry,teens,affordable
161,Who is the best Pediatric Dentistry provider in San Diego?,KidsFirst Dental Group,San Diego,Pediatric Dentistry,teens,available this month
162,Where can I find Pediatric Dentistry for teens in San Diego?,KidsFirst Dental Group,San Diego,Pediatric Dentistry,teens,available this month
163,Affordable Pediatric Dentistry in San Diego for someone available this month.,KidsFirst Dental Group,San Diego,Pediatric Dentistry,teens,available this month
164,Looking for Pediatric Dentistry options in San Diego that are available this month.,KidsFirst Dental Group,San Diego,Pediatric Dentistry,teens,available this month
165,What are the top-rated Pediatric Dentistry options in San Diego?,KidsFirst Dental Group,San Diego,Pediatric Dentistry,teens,available this month
166,Who is the best Sealants provider in San Diego?,KidsFirst Dental Group,San Diego,Sealants,kids,with payment plans
167,Where can I find Sealants for kids in San Diego?,KidsFirst Dental Group,San Diego,Sealants,kids,with payment plans
168,Affordable Sealants in San Diego for someone with payment plans.,KidsFirst Dental Group,San Diego,Sealants,kids,with payment plans
169,Looking for Sealants options in San Diego that are with payment plans.,KidsFirst Dental Group,San Diego,Sealants,kids,with payment plans
170,What are the top-rated Sealants options in San Diego?,KidsFirst Dental Group,San Diego,Sealants,kids,with payment plans
171,Who is the best Sealants provider in San Diego?,KidsFirst Dental Group,San Diego,Sealants,kids,affordable
172,Where can I find Sealants for kids in San Diego?,KidsFirst Dental Group,San Diego,Sealants,kids,affordable
173,Affordable Sealants in San Diego for someone affordable.,KidsFirst Dental Group,San Diego,Sealants,kids,affordable
174,Looking for Sealants options in San Diego that are affordable.,KidsFirst Dental Group,San Diego,Sealants,kids,affordable
175,What are the top-rated Sealants options in San Diego?,KidsFirst Dental Group,San Diego,Sealants,kids,affordable
176,Who is the best Sealants provider in San Diego?,KidsFirst Dental Group,San Diego,Sealants,kids,available this month
177,Where can I find Sealants for kids in San Diego?,KidsFirst Dental Group,San Diego,Sealants,kids,available this month
178,Affordable Sealants in San Diego for someone available this month.,KidsFirst Dental Group,San Diego,Sealants,kids,available this month
179,Looking for Sealants options in San Diego that are available this month.,KidsFirst Dental Group,San Diego,Sealants,kids,available this month
180,What are the top-rated Sealants options in San Diego?,KidsFirst Dental Group,San Diego,Sealants,kids,available this month
181,Who is the best Sealants provider in San Diego?,KidsFirst Dental Group,San Diego,Sealants,teens,with payment plans
182,Where can I find Sealants for teens in San Diego?,KidsFirst Dental Group,San Diego,Sealants,teens,with payment plans
183,Affordable Sealants in San Diego for someone with payment plans.,KidsFirst Dental Group,San Diego,Sealants,teens,with payment plans
184,Looking for Sealants options in San Diego that are with payment plans.,KidsFirst Dental Group,San Diego,Sealants,teens,with payment plans
185,What are the top-rated Sealants options in San Diego?,KidsFirst Dental Group,San Diego,Sealants,teens,with payment plans
186,Who is the best Sealants provider in San Diego?,KidsFirst Dental Group,San Diego,Sealants,teens,affordable
187,Where can I find Sealants for teens in San Diego?,KidsFirst Dental Group,San Diego,Sealants,teens,affordable
188,Affordable Sealants in San Diego for someone affordable.,KidsFirst Dental Group,San Diego,Sealants,teens,affordable
189,Looking for Sealants options in San Diego that are affordable.,KidsFirst Dental Group,San Diego,Sealants,teens,affordable
190,What are the top-rated Sealants options in San Diego?,KidsFirst Dental Group,San Diego,Sealants,teens,affordable
191,Who is the best Sealants provider in San Diego?,KidsFirst Dental Group,San Diego,Sealants,teens,available this month
192,Where can I find Sealants for teens in San Diego?,KidsFirst Dental Group,San Diego,Sealants,teens,available this month
193,Affordable Sealants in San Diego for someone available this month.,KidsFirst Dental Group,San Diego,Sealants,teens,available this month
194,Looking for Sealants options in San Diego that are available this month.,KidsFirst Dental Group,San Diego,Sealants,teens,available this month
195,What are the top-rated Sealants options in San Diego?,KidsFirst Dental Group,San Diego,Sealants,teens,available this month
196,Who is the best kid cleanings provider in San Diego?,KidsFirst Dental Group,San Diego,kid cleanings,kids,with payment plans
197,Where can I find kid cleanings for kids in San Diego?,KidsFirst Dental Group,San Diego,kid cleanings,kids,with payment plans
198,Affordable kid cleanings in San Diego for someone with payment plans.,KidsFirst Dental Group,San Diego,kid cleanings,kids,with payment plans
199,Looking for kid cleanings options in San Diego that are with payment plans.,KidsFirst Dental Group,San Diego,kid cleanings,kids,with payment plans
200,What are the top-rated kid cleanings options in San Diego?,KidsFirst Dental Group,San Diego,kid cleanings,kids,with payment plans
201,Who is the best kid cleanings provider in San Diego?,KidsFirst Dental Group,San Diego,kid cleanings,kids,affordable
202,Where can I find kid cleanings for kids in San Diego?,KidsFirst Dental Group,San Diego,kid cleanings,kids,affordable
203,Affordable kid cleanings in San Diego for someone affordable.,KidsFirst Dental Group,San Diego,kid cleanings,kids,affordable
204,Looking for kid cleanings options in San Diego that are affordable.,KidsFirst Dental Group,San Diego,kid cleanings,kids,affordable
205,What are the top-rated kid cleanings options in San Diego?,KidsFirst Dental Group,San Diego,kid cleanings,kids,affordable
206,Who is the best kid cleanings provider in San Diego?,KidsFirst Dental Group,San Diego,kid cleanings,kids,available this month
207,Where can I find kid cleanings for kids in San Diego?,KidsFirst Dental Group,San Diego,kid cleanings,kids,available this month
208,Affordable kid cleanings in San Diego for someone available this month.,KidsFirst Dental Group,San Diego,kid cleanings,kids,available this month
209,Looking for kid cleanings options in San Diego that are available this month.,KidsFirst Dental Group,San Diego,kid cleanings,kids,available this month
210,What are the top-rated kid cleanings options in San Diego?,KidsFirst Dental Group,San Diego,kid cleanings,kids,available this month
211,Who is the best kid cleanings provider in San Diego?,KidsFirst Dental Group,San Diego,kid cleanings,teens,with payment plans
212,Where can I find kid cleanings for teens in San Diego?,KidsFirst Dental Group,San Diego,kid cleanings,teens,with payment plans
213,Affordable kid cleanings in San Diego for someone with payment plans.,KidsFirst Dental Group,San Diego,kid cleanings,teens,with payment plans
214,Looking for kid cleanings options in San Diego that are with payment plans.,KidsFirst Dental Group,San Diego,kid cleanings,teens,with payment plans
215,What are the top-rated kid cleanings options in San Diego?,KidsFirst Dental Group,San Diego,kid cleanings,teens,with payment plans
216,Who is the best kid cleanings provider in San Diego?,KidsFirst Dental Group,San Diego,kid cleanings,teens,affordable
217,Where can I find kid cleanings for teens in San Diego?,KidsFirst Dental Group,San Diego,kid cleanings,teens,affordable
218,Affordable kid cleanings in San Diego for someone affordable.,KidsFirst Dental Group,San Diego,kid cleanings,teens,affordable
219,Looking for kid cleanings options in San Diego that are affordable.,KidsFirst Dental Group,San Diego,kid cleanings,teens,affordable
220,What are the top-rated kid cleanings options in San Diego?,KidsFirst Dental Group,San Diego,kid cleanings,teens,affordable
221,Who is the best kid cleanings provider in San Diego?,KidsFirst Dental Group,San Diego,kid cleanings,teens,available this month
222,Where can I find kid cleanings for teens in San Diego?,KidsFirst Dental Group,San Diego,kid cleanings,teens,available this month
223,Affordable kid cleanings in San Diego for someone available this month.,KidsFirst Dental Group,San Diego,kid cleanings,teens,available this month
224,Looking for kid cleanings options in San Diego that are available this month.,KidsFirst Dental Group,San Diego,kid cleanings,teens,available this month
225,What are the top-rated kid cleanings options in San Diego?,KidsFirst Dental Group,San Diego,kid cleanings,teens,available this month
226,Who is the best Braces provider in Brooklyn?,Elite Ortho & Smile,Brooklyn,Braces,teens,with payment plans
227,Where can I find Braces for teens in Brooklyn?,Elite Ortho & Smile,Brooklyn,Braces,teens,with payment plans
228,Affordable Braces in Brooklyn for someone with payment plans.,Elite Ortho & Smile,Brooklyn,Braces,teens,with payment plans
229,Looking for Braces options in Brooklyn that are with payment plans.,Elite Ortho & Smile,Brooklyn,Braces,teens,with payment plans
230,What are the top-rated Braces options in Brooklyn?,Elite Ortho & Smile,Brooklyn,Braces,teens,with payment plans
231,Who is the best Braces provider in Brooklyn?,Elite Ortho & Smile,Brooklyn,Braces,teens,affordable
232,Where can I find Braces for teens in Brooklyn?,Elite Ortho & Smile,Brooklyn,Braces,teens,affordable
233,Affordable Braces in Brooklyn for someone affordable.,Elite Ortho & Smile,Brooklyn,Braces,teens,affordable
234,Looking for Braces options in Brooklyn that are affordable.,Elite Ortho & Smile,Brooklyn,Braces,teens,affordable
235,What are the top-rated Braces options in Brooklyn?,Elite Ortho & Smile,Brooklyn,Braces,teens,affordable
236,Who is the best Braces provider in Brooklyn?,Elite Ortho & Smile,Brooklyn,Braces,teens,available this month
237,Where can I find Braces for teens in Brooklyn?,Elite Ortho & Smile,Brooklyn,Braces,teens,available this month
238,Affordable Braces in Brooklyn for someone available this month.,Elite Ortho & Smile,Brooklyn,Braces,teens,available this month
239,Looking for Braces options in Brooklyn that are available this month.,Elite Ortho & Smile,Brooklyn,Braces,teens,available this month
240,What are the top-rated Braces options in Brooklyn?,Elite Ortho & Smile,Brooklyn,Braces,teens,available this month
241,Who is the best Braces provider in Brooklyn?,Elite Ortho & Smile,Brooklyn,Braces,adults,with payment plans
242,Where can I find Braces for adults in Brooklyn?,Elite Ortho & Smile,Brooklyn,Braces,adults,with payment plans
243,Affordable Braces in Brooklyn for someone with payment plans.,Elite Ortho & Smile,Brooklyn,Braces,adults,with payment plans
244,Looking for Braces options in Brooklyn that are with payment plans.,Elite Ortho & Smile,Brooklyn,Braces,adults,with payment plans
245,What are the top-rated Braces options in Brooklyn?,Elite Ortho & Smile,Brooklyn,Braces,adults,with payment plans
246,Who is the best Braces provider in Brooklyn?,Elite Ortho & Smile,Brooklyn,Braces,adults,affordable
247,Where can I find Braces for adults in Brooklyn?,Elite Ortho & Smile,Brooklyn,Braces,adults,affordable
248,Affordable Braces in Brooklyn for someone affordable.,Elite Ortho & Smile,Brooklyn,Braces,adults,affordable
249,Looking for Braces options in Brooklyn that are affordable.,Elite Ortho & Smile,Brooklyn,Braces,adults,affordable
250,What are the top-rated Braces options in Brooklyn?,Elite Ortho & Smile,Brooklyn,Braces,adults,affordable
251,Who is the best Braces provider in Brooklyn?,Elite Ortho & Smile,Brooklyn,Braces,adults,available this month
252,Where can I find Braces for adults in Brooklyn?,Elite Ortho & Smile,Brooklyn,Braces,adults,available this month
253,Affordable Braces in Brooklyn for someone available this month.,Elite Ortho & Smile,Brooklyn,Braces,adults,available this month
254,Looking for Braces options in Brooklyn that are available this month.,Elite Ortho & Smile,Brooklyn,Braces,adults,available this month
255,What are the top-rated Braces options in Brooklyn?,Elite Ortho & Smile,Brooklyn,Braces,adults,available this month
256,Who is the best Invisalign provider in Brooklyn?,Elite Ortho & Smile,Brooklyn,Invisalign,teens,with payment plans
257,Where can I find Invisalign for teens in Brooklyn?,Elite Ortho & Smile,Brooklyn,Invisalign,teens,with payment plans
258,Affordable Invisalign in Brooklyn for someone with payment plans.,Elite Ortho & Smile,Brooklyn,Invisalign,teens,with payment plans
259,Looking for Invisalign options in Brooklyn that are with payment plans.,Elite Ortho & Smile,Brooklyn,Invisalign,teens,with payment plans
260,What are the top-rated Invisalign options in Brooklyn?,Elite Ortho & Smile,Brooklyn,Invisalign,teens,with payment plans
261,Who is the best Invisalign provider in Brooklyn?,Elite Ortho & Smile,Brooklyn,Invisalign,teens,affordable
262,Where can I find Invisalign for teens in Brooklyn?,Elite Ortho & Smile,Brooklyn,Invisalign,teens,affordable
263,Affordable Invisalign in Brooklyn for someone affordable.,Elite Ortho & Smile,Brooklyn,Invisalign,teens,affordable
264,Looking for Invisalign options in Brooklyn that are affordable.,Elite Ortho & Smile,Brooklyn,Invisalign,teens,affordable
265,What are the top-rated Invisalign options in Brooklyn?,Elite Ortho & Smile,Brooklyn,Invisalign,teens,affordable
266,Who is the best Invisalign provider in Brooklyn?,Elite Ortho & Smile,Brooklyn,Invisalign,teens,available this month
267,Where can I find Invisalign for teens in Brooklyn?,Elite Ortho & Smile,Brooklyn,Invisalign,teens,available this month
268,Affordable Invisalign in Brooklyn for someone available this month.,Elite Ortho & Smile,Brooklyn,Invisalign,teens,available this month
269,Looking for Invisalign options in Brooklyn that are available this month.,Elite Ortho & Smile,Brooklyn,Invisalign,teens,available this month
270,What are the top-rated Invisalign options in Brooklyn?,Elite Ortho & Smile,Brooklyn,Invisalign,teens,available this month
271,Who is the best Invisalign provider in Brooklyn?,Elite Ortho & Smile,Brooklyn,Invisalign,adults,with payment plans
272,Where can I find Invisalign for adults in Brooklyn?,Elite Ortho & Smile,Brooklyn,Invisalign,adults,with payment plans
273,Affordable Invisalign in Brooklyn for someone with payment plans.,Elite Ortho & Smile,Brooklyn,Invisalign,adults,with payment plans
274,Looking for Invisalign options in Brooklyn that are with payment plans.,Elite Ortho & Smile,Brooklyn,Invisalign,adults,with payment plans
275,What are the top-rated Invisalign options in Brooklyn?,Elite Ortho & Smile,Brooklyn,Invisalign,adults,with payment plans
276,Who is the best Invisalign provider in Brooklyn?,Elite Ortho & Smile,Brooklyn,Invisalign,adults,affordable
277,Where can I find Invisalign for adults in Brooklyn?,Elite Ortho & Smile,Brooklyn,Invisalign,adults,affordable
278,Affordable Invisalign in Brooklyn for someone affordable.,Elite Ortho & Smile,Brooklyn,Invisalign,adults,affordable
279,Looking for Invisalign options in Brooklyn that are affordable.,Elite Ortho & Smile,Brooklyn,Invisalign,adults,affordable
280,What are the top-rated Invisalign options in Brooklyn?,Elite Ortho & Smile,Brooklyn,Invisalign,adults,affordable
281,Who is the best Invisalign provider in Brooklyn?,Elite Ortho & Smile,Brooklyn,Invisalign,adults,available this month
282,Where can I find Invisalign for adults in Brooklyn?,Elite Ortho & Smile,Brooklyn,Invisalign,adults,available this month
283,Affordable Invisalign in Brooklyn for someone available this month.,Elite Ortho & Smile,Brooklyn,Invisalign,adults,available this month
284,Looking for Invisalign options in Brooklyn that are available this month.,Elite Ortho & Smile,Brooklyn,Invisalign,adults,available this month
285,What are the top-rated Invisalign options in Brooklyn?,Elite Ortho & Smile,Brooklyn,Invisalign,adults,available this month
286,Who is the best Clear Aligners provider in Brooklyn?,Elite Ortho & Smile,Brooklyn,Clear Aligners,teens,with payment plans
287,Where can I find Clear Aligners for teens in Brooklyn?,Elite Ortho & Smile,Brooklyn,Clear Aligners,teens,with payment plans
288,Affordable Clear Aligners in Brooklyn for someone with payment plans.,Elite Ortho & Smile,Brooklyn,Clear Aligners,teens,with payment plans
289,Looking for Clear Aligners options in Brooklyn that are with payment plans.,Elite Ortho & Smile,Brooklyn,Clear Aligners,teens,with payment plans
290,What are the top-rated Clear Aligners options in Brooklyn?,Elite Ortho & Smile,Brooklyn,Clear Aligners,teens,with payment plans
291,Who is the best Clear Aligners provider in Brooklyn?,Elite Ortho & Smile,Brooklyn,Clear Aligners,teens,affordable
292,Where can I find Clear Aligners for teens in Brooklyn?,Elite Ortho & Smile,Brooklyn,Clear Aligners,teens,affordable
293,Affordable Clear Aligners in Brooklyn for someone affordable.,Elite Ortho & Smile,Brooklyn,Clear Aligners,teens,affordable
294,Looking for Clear Aligners options in Brooklyn that are affordable.,Elite Ortho & Smile,Brooklyn,Clear Aligners,teens,affordable
295,What are the top-rated Clear Aligners options in Brooklyn?,Elite Ortho & Smile,Brooklyn,Clear Aligners,teens,affordable
296,Who is the best Clear Aligners provider in Brooklyn?,Elite Ortho & Smile,Brooklyn,Clear Aligners,teens,available this month
297,Where can I find Clear Aligners for teens in Brooklyn?,Elite Ortho & Smile,Brooklyn,Clear Aligners,teens,available this month
298,Affordable Clear Aligners in Brooklyn for someone available this month.,Elite Ortho & Smile,Brooklyn,Clear Aligners,teens,available this month
299,Looking for Clear Aligners options in Brooklyn that are available this month.,Elite Ortho & Smile,Brooklyn,Clear Aligners,teens,available this month
300,What are the top-rated Clear Aligners options in Brooklyn?,Elite Ortho & Smile,Brooklyn,Clear Aligners,teens,available this month
301,Who is the best Clear Aligners provider in Brooklyn?,Elite Ortho & Smile,Brooklyn,Clear Aligners,adults,with payment plans
302,Where can I find Clear Aligners for adults in Brooklyn?,Elite Ortho & Smile,Brooklyn,Clear Aligners,adults,with payment plans
303,Affordable Clear Aligners in Brooklyn for someone with payment plans.,Elite Ortho & Smile,Brooklyn,Clear Aligners,adults,with payment plans
304,Looking for Clear Aligners options in Brooklyn that are with payment plans.,Elite Ortho & Smile,Brooklyn,Clear Aligners,adults,with payment plans
305,What are the top-rated Clear Aligners options in Brooklyn?,Elite Ortho & Smile,Brooklyn,Clear Aligners,adults,with payment plans
306,Who is the best Clear Aligners provider in Brooklyn?,Elite Ortho & Smile,Brooklyn,Clear Aligners,adults,affordable
307,Where can I find Clear Aligners for adults in Brooklyn?,Elite Ortho & Smile,Brooklyn,Clear Aligners,adults,affordable
308,Affordable Clear Aligners in Brooklyn for someone affordable.,Elite Ortho & Smile,Brooklyn,Clear Aligners,adults,affordable
309,Looking for Clear Aligners options in Brooklyn that are affordable.,Elite Ortho & Smile,Brooklyn,Clear Aligners,adults,affordable
310,What are the top-rated Clear Aligners options in Brooklyn?,Elite Ortho & Smile,Brooklyn,Clear Aligners,adults,affordable
311,Who is the best Clear Aligners provider in Brooklyn?,Elite Ortho & Smile,Brooklyn,Clear Aligners,adults,available this month
312,Where can I find Clear Aligners for adults in Brooklyn?,Elite Ortho & Smile,Brooklyn,Clear Aligners,adults,available this month
313,Affordable Clear Aligners in Brooklyn for someone available this month.,Elite Ortho & Smile,Brooklyn,Clear Aligners,adults,available this month
314,Looking for Clear Aligners options in Brooklyn that are available this month.,Elite Ortho & Smile,Brooklyn,Clear Aligners,adults,available this month
315,What are the top-rated Clear Aligners options in Brooklyn?,Elite Ortho & Smile,Brooklyn,Clear Aligners,adults,available this month
316,Who is the best Checkups provider in Orlando?,Healthy Grins Dental,Orlando,Checkups,adults,without insurance
317,Where can I find Checkups for adults in Orlando?,Healthy Grins Dental,Orlando,Checkups,adults,without insurance
318,Affordable Checkups in Orlando for someone without insurance.,Healthy Grins Dental,Orlando,Checkups,adults,without insurance
319,Looking for Checkups options in Orlando that are without insurance.,Healthy Grins Dental,Orlando,Checkups,adults,without insurance
320,What are the top-rated Checkups options in Orlando?,Healthy Grins Dental,Orlando,Checkups,adults,without insurance
321,Who is the best Checkups provider in Orlando?,Healthy Grins Dental,Orlando,Checkups,adults,affordable
322,Where can I find Checkups for adults in Orlando?,Healthy Grins Dental,Orlando,Checkups,adults,affordable
323,Affordable Checkups in Orlando for someone affordable.,Healthy Grins Dental,Orlando,Checkups,adults,affordable
324,Looking for Checkups options in Orlando that are affordable.,Healthy Grins Dental,Orlando,Checkups,adults,affordable
325,What are the top-rated Checkups options in Orlando?,Healthy Grins Dental,Orlando,Checkups,adults,affordable
326,Who is the best Checkups provider in Orlando?,Healthy Grins Dental,Orlando,Checkups,adults,available this month
327,Where can I find Checkups for adults in Orlando?,Healthy Grins Dental,Orlando,Checkups,adults,available this month
328,Affordable Checkups in Orlando for someone available this month.,Healthy Grins Dental,Orlando,Checkups,adults,available this month
329,Looking for Checkups options in Orlando that are available this month.,Healthy Grins Dental,Orlando,Checkups,adults,available this month
330,What are the top-rated Checkups options in Orlando?,Healthy Grins Dental,Orlando,Checkups,adults,available this month
331,Who is the best Fillings provider in Orlando?,Healthy Grins Dental,Orlando,Fillings,adults,without insurance
332,Where can I find Fillings for adults in Orlando?,Healthy Grins Dental,Orlando,Fillings,adults,without insurance
333,Affordable Fillings in Orlando for someone without insurance.,Healthy Grins Dental,Orlando,Fillings,adults,without insurance
334,Looking for Fillings options in Orlando that are without insurance.,Healthy Grins Dental,Orlando,Fillings,adults,without insurance
335,What are the top-rated Fillings options in Orlando?,Healthy Grins Dental,Orlando,Fillings,adults,without insurance
336,Who is the best Fillings provider in Orlando?,Healthy Grins Dental,Orlando,Fillings,adults,affordable
337,Where can I find Fillings for adults in Orlando?,Healthy Grins Dental,Orlando,Fillings,adults,affordable
338,Affordable Fillings in Orlando for someone affordable.,Healthy Grins Dental,Orlando,Fillings,adults,affordable
339,Looking for Fillings options in Orlando that are affordable.,Healthy Grins Dental,Orlando,Fillings,adults,affordable
340,What are the top-rated Fillings options in Orlando?,Healthy Grins Dental,Orlando,Fillings,adults,affordable
341,Who is the best Fillings provider in Orlando?,Healthy Grins Dental,Orlando,Fillings,adults,available this month
342,Where can I find Fillings for adults in Orlando?,Healthy Grins Dental,Orlando,Fillings,adults,available this month
343,Affordable Fillings in Orlando for someone available this month.,Healthy Grins Dental,Orlando,Fillings,adults,available this month
344,Looking for Fillings options in Orlando that are available this month.,Healthy Grins Dental,Orlando,Fillings,adults,available this month
345,What are the top-rated Fillings options in Orlando?,Healthy Grins Dental,Orlando,Fillings,adults,available this month
346,Who is the best Root Canals provider in Orlando?,Healthy Grins Dental,Orlando,Root Canals,adults,without insurance
347,Where can I find Root Canals for adults in Orlando?,Healthy Grins Dental,Orlando,Root Canals,adults,without insurance
348,Affordable Root Canals in Orlando for someone without insurance.,Healthy Grins Dental,Orlando,Root Canals,adults,without insurance
349,Looking for Root Canals options in Orlando that are without insurance.,Healthy Grins Dental,Orlando,Root Canals,adults,without insurance
350,What are the top-rated Root Canals options in Orlando?,Healthy Grins Dental,Orlando,Root Canals,adults,without insurance
351,Who is the best Root Canals provider in Orlando?,Healthy Grins Dental,Orlando,Root Canals,adults,affordable
352,Where can I find Root Canals for adults in Orlando?,Healthy Grins Dental,Orlando,Root Canals,adults,affordable
353,Affordable Root Canals in Orlando for someone affordable.,Healthy Grins Dental,Orlando,Root Canals,adults,affordable
354,Looking for Root Canals options in Orlando that are affordable.,Healthy Grins Dental,Orlando,Root Canals,adults,affordable
355,What are the top-rated Root Canals options in Orlando?,Healthy Grins Dental,Orlando,Root Canals,adults,affordable
356,Who is the best Root Canals provider in Orlando?,Healthy Grins Dental,Orlando,Root Canals,adults,available this month
357,Where can I find Root Canals for adults in Orlando?,Healthy Grins Dental,Orlando,Root Canals,adults,available this month
358,Affordable Root Canals in Orlando for someone available this month.,Healthy Grins Dental,Orlando,Root Canals,adults,available this month
359,Looking for Root Canals options in Orlando that are available this month.,Healthy Grins Dental,Orlando,Root Canals,adults,available this month
360,What are the top-rated Root Canals options in Orlando?,Healthy Grins Dental,Orlando,Root Canals,adults,available this month
